"time","CA","CB","CP","CI","X_A","Y_P","S_P","purity","production_rate","reactor"
0,1,1.2,0,0,0,0,0,0,0,"CSTR"
0.5,0.671537802566137,0.871537802566138,0.295001576887317,0.0334606205465452,0.328462197433863,0.295001576887317,0.898129459931498,0.898129459931498,0.885004730661952,"CSTR"
1,0.499670152718057,0.699670152718057,0.449360976895015,0.0509688703869277,0.500329847281943,0.449360976895015,0.898129460870769,0.898129460870769,1.34808293068505,"CSTR"
1.5,0.395469978444172,0.595469978444172,0.542946223425307,0.0615837981305211,0.604530021555828,0.542946223425307,0.898129461180178,0.898129461180178,1.62883867027592,"CSTR"
2,0.326575279505715,0.526575279505715,0.604822582363428,0.0686021381308566,0.673424720494285,0.604822582363428,0.898129461332169,0.898129461332169,1.81446774709028,"CSTR"
2.5,0.278377622711411,0.478377622711411,0.648110317961849,0.0735120593267396,0.721622377288589,0.648110317961849,0.898129461421246,0.898129461421246,1.94433095388555,"CSTR"
3,0.243312563407894,0.443312563407894,0.679603280832463,0.0770841557596429,0.756687436592106,0.679603280832463,0.898129461478921,0.898129461478921,2.03880984249739,"CSTR"
3.5,0.217068519996431,0.417068519996431,0.703173829439779,0.0797576505637896,0.782931480003569,0.703173829439779,0.898129461518707,0.898129461518707,2.10952148831934,"CSTR"
4,0.197007203834708,0.397007203834708,0.721191488544477,0.0818013076208147,0.802992796165292,0.721191488544477,0.898129461547366,0.898129461547366,2.16357446563343,"CSTR"
4.5,0.18142260081055,0.38142260081055,0.735188479684424,0.0833889195050252,0.81857739918945,0.735188479684424,0.898129461568661,0.898129461568661,2.20556543905327,"CSTR"
5,0.16916358535571,0.369163585355711,0.746198662647692,0.0846377519965974,0.830836414644289,0.746198662647692,0.89812946158485,0.89812946158485,2.23859598794308,"CSTR"
5.5,0.159425529919346,0.359425529919346,0.754944697144164,0.0856297729364896,0.840574470080654,0.754944697144164,0.898129461597373,0.898129461597373,2.26483409143249,"CSTR"
6,0.151629426014639,0.351629426014639,0.761946607754986,0.0864239662303751,0.848370573985361,0.761946607754986,0.898129461607192,0.898129461607192,2.28583982326496,"CSTR"
6.5,0.145348898264648,0.345348898264648,0.767587334768343,0.0870637669670087,0.854651101735352,0.767587334768343,0.898129461614971,0.898129461614971,2.30276200430503,"CSTR"
7,0.14026395424687,0.34026395424687,0.772154272806716,0.0875817729464139,0.85973604575313,0.772154272806716,0.898129461621187,0.898129461621187,2.31646281842015,"CSTR"
7.5,0.136130236571504,0.336130236571505,0.775866886441304,0.0880028769871911,0.863869763428496,0.775866886441304,0.898129461626186,0.898129461626186,2.32760065932391,"CSTR"
8,0.132758750995814,0.332758750995814,0.778894916969785,0.088346332034401,0.867241249004186,0.778894916969785,0.898129461630227,0.898129461630227,2.33668475090935,"CSTR"
8.5,0.130001474092549,0.330001474092549,0.781371308593335,0.0886272173141157,0.869998525907451,0.781371308593335,0.898129461633509,0.898129461633509,2.34411392578001,"CSTR"
9,0.127741548117853,0.327741548117853,0.783401014694653,0.0888574371874933,0.872258451882147,0.783401014694653,0.898129461636184,0.898129461636184,2.35020304408396,"CSTR"
9.5,0.125885939244279,0.325885939244279,0.785067591695194,0.0890464690605264,0.874114060755721,0.785067591695194,0.89812946163837,0.89812946163837,2.35520277508558,"CSTR"
10,0.124360048741894,0.324360048741894,0.786438038912189,0.0892019123459175,0.875639951258106,0.786438038912189,0.89812946164016,0.89812946164016,2.35931411673657,"CSTR"
10.5,0.123103765749712,0.323103765749712,0.787566343680913,0.0893298905693748,0.876896234250288,0.787566343680913,0.89812946164163,0.89812946164163,2.36269903104274,"CSTR"
11,0.12206841800526,0.32206841800526,0.78849621999431,0.0894353620004298,0.87793158199474,0.78849621999431,0.898129461642838,0.898129461642838,2.36548865998293,"CSTR"
11.5,0.121214445695502,0.321214445695501,0.789263197686005,0.0895223566184934,0.878785554304498,0.789263197686005,0.898129461643832,0.898129461643832,2.36778959305801,"CSTR"
12,0.120509595891345,0.320509595891345,0.789896244061872,0.0895941600467827,0.879490404108655,0.789896244061872,0.898129461644651,0.898129461644651,2.36968873218562,"CSTR"
12.5,0.119927501573292,0.319927501573292,0.790419040118966,0.0896534583077419,0.880072498426708,0.790419040118966,0.898129461645326,0.898129461645326,2.3712571203569,"CSTR"
13,0.119446560797805,0.319446560797805,0.790850987199228,0.0897024520029666,0.880553439202195,0.790850987199228,0.898129461645884,0.898129461645884,2.37255296159768,"CSTR"
13.5,0.119049043345289,0.319049043345289,0.791208009335257,0.0897429473194542,0.880950956654711,0.791208009335257,0.898129461646344,0.898129461646344,2.37362402800577,"CSTR"
14,0.118720374623672,0.318720374623672,0.791503196397598,0.0897764289787303,0.881279625376328,0.791503196397598,0.898129461646724,0.898129461646724,2.37450958919279,"CSTR"
14.5,0.118448559093004,0.318448559093004,0.791747321934101,0.0898041189728952,0.881551440906996,0.791747321934101,0.898129461647038,0.898129461647038,2.3752419658023,"CSTR"
15,0.11822371359285,0.31822371359285,0.791949262302337,0.089827024104813,0.88177628640715,0.791949262302337,0.898129461647298,0.898129461647298,2.37584778690701,"CSTR"
15.5,0.118037688326848,0.318037688326848,0.792116337074534,0.0898459745986184,0.881962311673152,0.792116337074534,0.898129461647513,0.898129461647513,2.3763490112236,"CSTR"
16,0.117883758058002,0.317883758058002,0.79225458638418,0.0898616555578177,0.882116241941998,0.79225458638418,0.898129461647691,0.898129461647691,2.37676375915254,"CSTR"
16.5,0.117756369802362,0.317756369802362,0.792368997529769,0.0898746326678699,0.882243630197638,0.792368997529769,0.898129461647838,0.898129461647838,2.37710699258931,"CSTR"
17,0.117650935958535,0.317650935958535,0.792463690771271,0.0898853732701936,0.882349064041465,0.792463690771271,0.898129461647959,0.898129461647959,2.37739107231381,"CSTR"
17.5,0.117563663528927,0.317563663528927,0.792542072711581,0.0898942637594923,0.882436336471073,0.792542072711581,0.89812946164806,0.89812946164806,2.37762621813474,"CSTR"
18,0.117491420951832,0.317491420951832,0.792606955898528,0.0899016231496394,0.882508579048168,0.792606955898528,0.898129461648143,0.898129461648143,2.37782086769559,"CSTR"
18.5,0.117431617125988,0.317431617125988,0.792660667476499,0.0899077153975128,0.882568382874012,0.792660667476499,0.898129461648212,0.898129461648212,2.3779820024295,"CSTR"
19,0.117382107674437,0.317382107674438,0.792705133373617,0.0899127589519453,0.882617892325563,0.792705133373617,0.89812946164827,0.89812946164827,2.37811540012085,"CSTR"
19.5,0.117341118962939,0.317341118962939,0.792741946543051,0.0899169344940104,0.882658881037061,0.792741946543051,0.898129461648317,0.898129461648317,2.37822583962915,"CSTR"
20,0.11730718344787,0.31730718344787,0.792772425028965,0.0899203915231651,0.88269281655213,0.792772425028965,0.898129461648356,0.898129461648356,2.37831727508689,"CSTR"
20.5,0.117279086666898,0.317279086666898,0.792797659575762,0.08992325375734,0.882720913333102,0.792797659575762,0.898129461648388,0.898129461648388,2.37839297872728,"CSTR"
21,0.117255823524382,0.317255823524382,0.79281855288945,0.0899256235861683,0.882744176475618,0.79281855288945,0.898129461648415,0.898129461648415,2.37845565866835,"CSTR"
21.5,0.117236562065213,0.317236562065213,0.792835852173424,0.0899275857613637,0.882763437934787,0.792835852173424,0.898129461648437,0.898129461648437,2.37850755652027,"CSTR"
22,0.11722061591188,0.31722061591188,0.792850173883548,0.0899292102045721,0.88277938408812,0.792850173883548,0.898129461648456,0.898129461648456,2.37855052165064,"CSTR"
22.5,0.117207413841265,0.317207413841265,0.792862031052135,0.0899305551065996,0.882792586158735,0.792862031052135,0.898129461648471,0.898129461648471,2.37858609315641,"CSTR"
23,0.11719648159829,0.31719648159829,0.792871849621644,0.0899316687800657,0.88280351840171,0.792871849621644,0.898129461648483,0.898129461648483,2.37861554886493,"CSTR"
23.5,0.117187428904662,0.317187428904663,0.792879980112507,0.0899325909828299,0.882812571095338,0.792879980112507,0.898129461648494,0.898129461648494,2.37863994033752,"CSTR"
24,0.117179932684568,0.317179932684568,0.792886712688633,0.0899333546267988,0.882820067315432,0.792886712688633,0.898129461648502,0.898129461648502,2.3786601380659,"CSTR"
24.5,0.117173725273816,0.317173725273816,0.792892287747116,0.0899339869790676,0.882826274726184,0.792892287747116,0.89812946164851,0.89812946164851,2.37867686324135,"CSTR"
25,0.117168585062559,0.317168585062559,0.79289690432229,0.0899345106151504,0.882831414937441,0.79289690432229,0.898129461648516,0.898129461648516,2.37869071296687,"CSTR"
25.5,0.117164327939819,0.317164327939819,0.792900727769649,0.0899349442905314,0.882835672060181,0.792900727769649,0.89812946164852,0.89812946164852,2.37870218330895,"CSTR"
26,0.117160795722146,0.317160795722146,0.79290390015841,0.0899353041194437,0.882839204277854,0.79290390015841,0.898129461648525,0.898129461648525,2.37871170047523,"CSTR"
26.5,0.117157870343977,0.317157870343977,0.792906527526733,0.0899356021292897,0.882842129656023,0.792906527526733,0.898129461648528,0.898129461648528,2.3787195825802,"CSTR"
27,0.117155449713217,0.317155449713217,0.792908701566537,0.0899358487202459,0.882844550286783,0.792908701566537,0.898129461648531,0.898129461648531,2.37872610469961,"CSTR"
27.5,0.117153446304946,0.317153446304946,0.792910500886531,0.089936052808523,0.882846553695054,0.792910500886531,0.898129461648533,0.898129461648533,2.37873150265959,"CSTR"
28,0.117151788171933,0.317151788171933,0.792911990104643,0.089936221723424,0.882848211828067,0.792911990104643,0.898129461648535,0.898129461648535,2.37873597031393,"CSTR"
28.5,0.117150415810273,0.317150415810273,0.792913222663083,0.0899363615266437,0.882849584189727,0.792913222663083,0.898129461648537,0.898129461648537,2.37873966798925,"CSTR"
29,0.117149279967786,0.317149279967786,0.792914242796685,0.0899364772355281,0.882850720032214,0.792914242796685,0.898129461648538,0.898129461648538,2.37874272839006,"CSTR"
29.5,0.117148339880763,0.317148339880763,0.792915087116538,0.0899365730026983,0.882851660119237,0.792915087116538,0.898129461648539,0.898129461648539,2.37874526134961,"CSTR"
30,0.117147561811357,0.317147561811357,0.792915785923596,0.0899366522650468,0.882852438188643,0.792915785923596,0.89812946164854,0.89812946164854,2.37874735777079,"CSTR"
30.5,0.117146917836526,0.317146917836526,0.792916364296365,0.0899367178671088,0.882853082163474,0.792916364296365,0.898129461648541,0.898129461648541,2.37874909288909,"CSTR"
31,0.117146384845773,0.317146384845773,0.792916842991063,0.0899367721631632,0.882853615154227,0.792916842991063,0.898129461648541,0.898129461648541,2.37875052897319,"CSTR"
31.5,0.117145943711661,0.317145943711661,0.792917239186607,0.0899368171017323,0.882854056288339,0.792917239186607,0.898129461648542,0.898129461648542,2.37875171755982,"CSTR"
32,0.117145578603311,0.317145578603311,0.792917567101173,0.0899368542955161,0.882854421396689,0.792917567101173,0.898129461648542,0.898129461648542,2.37875270130352,"CSTR"
32.5,0.117145276418232,0.317145276418232,0.792917838502495,0.0899368850792724,0.882854723581768,0.792917838502495,0.898129461648542,0.898129461648542,2.37875351550749,"CSTR"
33,0.11714502631208,0.31714502631208,0.792918063130199,0.0899369105577205,0.88285497368792,0.792918063130199,0.898129461648543,0.898129461648543,2.3787541893906,"CSTR"
33.5,0.117144819309471,0.317144819309471,0.792918249045341,0.0899369316451875,0.882855180690529,0.792918249045341,0.898129461648543,0.898129461648543,2.37875474713602,"CSTR"
34,0.117144647981869,0.317144647981869,0.792918402919708,0.0899369490984224,0.882855352018131,0.792918402919708,0.898129461648543,0.898129461648543,2.37875520875912,"CSTR"
34.5,0.117144506180993,0.317144506180993,0.792918530275253,0.0899369635437539,0.882855493819007,0.792918530275253,0.898129461648543,0.898129461648543,2.37875559082576,"CSTR"
35,0.117144388818171,0.317144388818171,0.792918635682261,0.0899369754995676,0.882855611181829,0.792918635682261,0.898129461648543,0.898129461648543,2.37875590704678,"CSTR"
35.5,0.117144291681724,0.317144291681724,0.792918722923366,0.0899369853949097,0.882855708318276,0.792918722923366,0.898129461648544,0.898129461648544,2.3787561687701,"CSTR"
36,0.117144211285822,0.317144211285821,0.792918795129295,0.0899369935848835,0.882855788714178,0.792918795129295,0.898129461648544,0.898129461648544,2.37875638538788,"CSTR"
36.5,0.117144144745385,0.317144144745385,0.792918854891221,0.0899370003633935,0.882855855254615,0.792918854891221,0.898129461648544,0.898129461648544,2.37875656467366,"CSTR"
37,0.117144089672554,0.317144089672554,0.792918904353754,0.0899370059736924,0.882855910327446,0.792918904353754,0.898129461648544,0.898129461648544,2.37875671306126,"CSTR"
37.5,0.117144044090995,0.317144044090995,0.792918945291895,0.0899370106171103,0.882855955909005,0.792918945291895,0.898129461648544,0.898129461648544,2.37875683587568,"CSTR"
38,0.117144006364977,0.317144006364977,0.792918979174743,0.08993701446028,0.882855993635023,0.792918979174743,0.898129461648544,0.898129461648544,2.37875693752423,"CSTR"
38.5,0.117143975140672,0.317143975140672,0.792919007218211,0.0899370176411167,0.882856024859328,0.792919007218211,0.898129461648544,0.898129461648544,2.37875702165463,"CSTR"
39,0.117143949297574,0.317143949297574,0.792919030428659,0.089937020273767,0.882856050702426,0.792919030428659,0.898129461648544,0.898129461648544,2.37875709128598,"CSTR"
39.5,0.117143927908282,0.317143927908282,0.792919049639012,0.0899370224527057,0.882856072091718,0.792919049639012,0.898129461648544,0.898129461648544,2.37875714891704,"CSTR"
40,0.117143910205226,0.317143910205226,0.792919065538648,0.0899370242561255,0.882856089794774,0.792919065538648,0.898129461648544,0.898129461648544,2.37875719661594,"CSTR"
40.5,0.117143895553119,0.317143895553119,0.792919078698137,0.0899370257487435,0.882856104446881,0.792919078698137,0.898129461648544,0.898129461648544,2.37875723609441,"CSTR"
41,0.117143883360667,0.317143883360667,0.792919089648537,0.0899370269907951,0.882856116639333,0.792919089648537,0.898129461648544,0.898129461648544,2.37875726894561,"CSTR"
41.5,0.117143873250627,0.317143873250627,0.792919098728662,0.0899370280207104,0.882856126749373,0.792919098728662,0.898129461648544,0.898129461648544,2.37875729618599,"CSTR"
42,0.117143864819174,0.317143864819174,0.792919106301199,0.0899370288796271,0.882856135180826,0.792919106301199,0.898129461648544,0.898129461648544,2.3787573189036,"CSTR"
42.5,0.117143858528527,0.317143858528527,0.792919111951014,0.0899370295204586,0.882856141471473,0.792919111951014,0.898129461648544,0.898129461648544,2.37875733585304,"CSTR"
43,0.117143853236361,0.317143853236361,0.792919116704065,0.0899370300595744,0.882856146763639,0.792919116704065,0.898129461648544,0.898129461648544,2.37875735011219,"CSTR"
43.5,0.117143848784192,0.317143848784192,0.792919120702689,0.0899370305131192,0.882856151215808,0.792919120702689,0.898129461648544,0.898129461648544,2.37875736210807,"CSTR"
44,0.117143845038693,0.317143845038693,0.792919124066632,0.0899370308946753,0.882856154961307,0.792919124066632,0.898129461648544,0.898129461648544,2.3787573721999,"CSTR"
44.5,0.117143841887696,0.317143841887696,0.792919126896635,0.089937031215669,0.882856158112304,0.792919126896635,0.898129461648544,0.898129461648544,2.37875738068991,"CSTR"
45,0.11714383923684,0.31714383923684,0.792919129277447,0.0899370314857131,0.88285616076316,0.792919129277447,0.898129461648544,0.898129461648544,2.37875738783234,"CSTR"
45.5,0.117143837006741,0.317143837006741,0.792919131280365,0.0899370317128945,0.882856162993259,0.792919131280365,0.898129461648544,0.898129461648544,2.3787573938411,"CSTR"
46,0.117143835130613,0.317143835130613,0.792919132965371,0.0899370319040167,0.882856164869387,0.792919132965371,0.898129461648544,0.898129461648544,2.37875739889611,"CSTR"
46.5,0.117143833552273,0.317143833552273,0.792919134382924,0.0899370320648031,0.882856166447727,0.792919134382924,0.898129461648544,0.898129461648544,2.37875740314877,"CSTR"
47,0.117143832224454,0.317143832224454,0.792919135575477,0.0899370322000687,0.882856167775546,0.792919135575477,0.898129461648544,0.898129461648544,2.37875740672643,"CSTR"
47.5,0.117143831107393,0.317143831107393,0.792919136578743,0.0899370323138643,0.882856168892607,0.792919136578743,0.898129461648544,0.898129461648544,2.37875740973623,"CSTR"
48,0.117143830167637,0.317143830167637,0.792919137422765,0.0899370324095977,0.882856169832363,0.792919137422765,0.898129461648544,0.898129461648544,2.3787574122683,"CSTR"
48.5,0.117143829377043,0.317143829377043,0.792919138132821,0.0899370324901359,0.882856170622957,0.792919138132821,0.898129461648544,0.898129461648544,2.37875741439846,"CSTR"
49,0.117143828711937,0.317143828711936,0.792919138730173,0.0899370325578907,0.882856171288063,0.792919138730173,0.898129461648544,0.898129461648544,2.37875741619052,"CSTR"
49.5,0.117143828152399,0.317143828152398,0.79291913923271,0.0899370326148912,0.882856171847601,0.79291913923271,0.898129461648544,0.898129461648544,2.37875741769813,"CSTR"
50,0.117143827681673,0.317143827681673,0.792919139655483,0.0899370326628442,0.882856172318327,0.792919139655483,0.898129461648544,0.898129461648544,2.37875741896645,"CSTR"
50.5,0.117143827285663,0.317143827285663,0.792919140011151,0.0899370327031859,0.882856172714337,0.792919140011151,0.898129461648544,0.898129461648544,2.37875742003345,"CSTR"
51,0.11714382695251,0.31714382695251,0.792919140310366,0.0899370327371244,0.88285617304749,0.792919140310366,0.898129461648544,0.898129461648544,2.3787574209311,"CSTR"
51.5,0.117143826672236,0.317143826672236,0.792919140562088,0.0899370327656761,0.882856173327764,0.792919140562088,0.898129461648544,0.898129461648544,2.37875742168626,"CSTR"
52,0.117143826436449,0.317143826436449,0.792919140773855,0.0899370327896959,0.882856173563551,0.792919140773855,0.898129461648544,0.898129461648544,2.37875742232157,"CSTR"
52.5,0.117143826238087,0.317143826238087,0.79291914095201,0.0899370328099031,0.882856173761913,0.79291914095201,0.898129461648544,0.898129461648544,2.37875742285603,"CSTR"
53,0.11714382607121,0.31714382607121,0.792919141101887,0.0899370328269029,0.88285617392879,0.792919141101887,0.898129461648544,0.898129461648544,2.37875742330566,"CSTR"
53.5,0.11714382593082,0.31714382593082,0.792919141227975,0.0899370328412045,0.88285617406918,0.792919141227975,0.898129461648544,0.898129461648544,2.37875742368393,"CSTR"
54,0.117143825812714,0.317143825812714,0.79291914133405,0.0899370328532361,0.882856174187286,0.79291914133405,0.898129461648544,0.898129461648544,2.37875742400215,"CSTR"
54.5,0.117143825713354,0.317143825713354,0.792919141423288,0.0899370328633579,0.882856174286646,0.792919141423288,0.898129461648544,0.898129461648544,2.37875742426986,"CSTR"
55,0.117143825629765,0.317143825629765,0.792919141498362,0.0899370328718732,0.882856174370235,0.792919141498362,0.898129461648544,0.898129461648544,2.37875742449509,"CSTR"
55.5,0.117143825559444,0.317143825559444,0.79291914156152,0.0899370328790369,0.882856174440556,0.79291914156152,0.898129461648544,0.898129461648544,2.37875742468456,"CSTR"
56,0.117143825500284,0.317143825500284,0.792919141614653,0.0899370328850635,0.882856174499716,0.792919141614653,0.898129461648544,0.898129461648544,2.37875742484396,"CSTR"
56.5,0.117143825450514,0.317143825450514,0.792919141659352,0.0899370328901335,0.882856174549486,0.792919141659352,0.898129461648544,0.898129461648544,2.37875742497806,"CSTR"
57,0.117143825408644,0.317143825408644,0.792919141696957,0.0899370328943988,0.882856174591356,0.792919141696957,0.898129461648544,0.898129461648544,2.37875742509087,"CSTR"
57.5,0.11714382537342,0.31714382537342,0.792919141728593,0.0899370328979871,0.88285617462658,0.792919141728593,0.898129461648544,0.898129461648544,2.37875742518578,"CSTR"
58,0.117143825343787,0.317143825343787,0.792919141755207,0.0899370329010059,0.882856174656213,0.792919141755207,0.898129461648544,0.898129461648544,2.37875742526562,"CSTR"
58.5,0.117143825318857,0.317143825318857,0.792919141777597,0.0899370329035455,0.882856174681143,0.792919141777597,0.898129461648544,0.898129461648544,2.37875742533279,"CSTR"
59,0.117143825297885,0.317143825297885,0.792919141796434,0.089937032905682,0.882856174702115,0.792919141796434,0.898129461648544,0.898129461648544,2.3787574253893,"CSTR"
59.5,0.117143825280241,0.317143825280241,0.79291914181228,0.0899370329074794,0.882856174719759,0.79291914181228,0.898129461648544,0.898129461648544,2.37875742543684,"CSTR"
60,0.117143825265398,0.317143825265398,0.792919141825611,0.0899370329089915,0.882856174734603,0.792919141825611,0.898129461648544,0.898129461648544,2.37875742547683,"CSTR"
60.5,0.11714382525291,0.31714382525291,0.792919141836827,0.0899370329102636,0.88285617474709,0.792919141836827,0.898129461648544,0.898129461648544,2.37875742551048,"CSTR"
61,0.117143825242405,0.317143825242405,0.792919141846262,0.0899370329113337,0.882856174757595,0.792919141846262,0.898129461648544,0.898129461648544,2.37875742553878,"CSTR"
61.5,0.117143825233567,0.317143825233567,0.792919141854199,0.0899370329122341,0.882856174766433,0.792919141854199,0.898129461648544,0.898129461648544,2.3787574255626,"CSTR"
62,0.117143825226132,0.317143825226132,0.792919141860877,0.0899370329129915,0.882856174773868,0.792919141860877,0.898129461648544,0.898129461648544,2.37875742558263,"CSTR"
62.5,0.117143825219877,0.317143825219877,0.792919141866494,0.0899370329136287,0.882856174780123,0.792919141866494,0.898129461648544,0.898129461648544,2.37875742559948,"CSTR"
63,0.117143825214615,0.317143825214615,0.79291914187122,0.0899370329141647,0.882856174785385,0.79291914187122,0.898129461648544,0.898129461648544,2.37875742561366,"CSTR"
63.5,0.117143825210188,0.317143825210188,0.792919141875196,0.0899370329146157,0.882856174789812,0.792919141875196,0.898129461648544,0.898129461648544,2.37875742562559,"CSTR"
64,0.117143825206464,0.317143825206464,0.792919141878541,0.0899370329149951,0.882856174793536,0.792919141878541,0.898129461648544,0.898129461648544,2.37875742563562,"CSTR"
64.5,0.117143825203331,0.317143825203331,0.792919141881355,0.0899370329153142,0.882856174796669,0.792919141881355,0.898129461648544,0.898129461648544,2.37875742564407,"CSTR"
65,0.117143825200695,0.317143825200695,0.792919141883722,0.0899370329155828,0.882856174799305,0.792919141883722,0.898129461648544,0.898129461648544,2.37875742565117,"CSTR"
65.5,0.117143825198478,0.317143825198478,0.792919141885714,0.0899370329158087,0.882856174801522,0.792919141885714,0.898129461648544,0.898129461648544,2.37875742565714,"CSTR"
66,0.117143825196612,0.317143825196612,0.792919141887389,0.0899370329159987,0.882856174803388,0.792919141887389,0.898129461648544,0.898129461648544,2.37875742566217,"CSTR"
66.5,0.117143825195043,0.317143825195043,0.792919141888799,0.0899370329161586,0.882856174804957,0.792919141888799,0.898129461648544,0.898129461648544,2.3787574256664,"CSTR"
67,0.117143825193722,0.317143825193722,0.792919141889985,0.0899370329162931,0.882856174806278,0.792919141889985,0.898129461648544,0.898129461648544,2.37875742566995,"CSTR"
67.5,0.117143825192612,0.317143825192612,0.792919141890982,0.0899370329164062,0.882856174807388,0.792919141890982,0.898129461648544,0.898129461648544,2.37875742567295,"CSTR"
68,0.117143825191677,0.317143825191677,0.792919141891821,0.0899370329165014,0.882856174808323,0.792919141891821,0.898129461648544,0.898129461648544,2.37875742567546,"CSTR"
68.5,0.117143825190891,0.317143825190891,0.792919141892528,0.0899370329165815,0.882856174809109,0.792919141892528,0.898129461648544,0.898129461648544,2.37875742567758,"CSTR"
69,0.11714382519023,0.31714382519023,0.792919141893122,0.0899370329166489,0.88285617480977,0.792919141893122,0.898129461648544,0.898129461648544,2.37875742567936,"CSTR"
69.5,0.117143825189673,0.317143825189674,0.792919141893621,0.0899370329167056,0.882856174810327,0.792919141893621,0.898129461648544,0.898129461648544,2.37875742568086,"CSTR"
70,0.117143825189205,0.317143825189206,0.792919141894041,0.0899370329167532,0.882856174810795,0.792919141894041,0.898129461648544,0.898129461648544,2.37875742568212,"CSTR"
70.5,0.117143825188812,0.317143825188812,0.792919141894395,0.0899370329167934,0.882856174811188,0.792919141894395,0.898129461648544,0.898129461648544,2.37875742568319,"CSTR"
71,0.11714382518848,0.31714382518848,0.792919141894693,0.0899370329168271,0.88285617481152,0.792919141894693,0.898129461648544,0.898129461648544,2.37875742568408,"CSTR"
71.5,0.117143825188202,0.317143825188202,0.792919141894943,0.0899370329168555,0.882856174811798,0.792919141894943,0.898129461648544,0.898129461648544,2.37875742568483,"CSTR"
72,0.117143825187967,0.317143825187967,0.792919141895153,0.0899370329168794,0.882856174812033,0.792919141895153,0.898129461648544,0.898129461648544,2.37875742568546,"CSTR"
72.5,0.11714382518777,0.31714382518777,0.792919141895331,0.0899370329168995,0.88285617481223,0.792919141895331,0.898129461648544,0.898129461648544,2.37875742568599,"CSTR"
73,0.117143825187604,0.317143825187604,0.79291914189548,0.0899370329169164,0.882856174812396,0.79291914189548,0.898129461648544,0.898129461648544,2.37875742568644,"CSTR"
73.5,0.117143825187465,0.317143825187465,0.792919141895605,0.0899370329169306,0.882856174812535,0.792919141895605,0.898129461648544,0.898129461648544,2.37875742568681,"CSTR"
74,0.117143825187347,0.317143825187347,0.79291914189571,0.0899370329169426,0.882856174812653,0.79291914189571,0.898129461648544,0.898129461648544,2.37875742568713,"CSTR"
74.5,0.117143825187248,0.317143825187248,0.792919141895799,0.0899370329169527,0.882856174812752,0.792919141895799,0.898129461648544,0.898129461648544,2.3787574256874,"CSTR"
75,0.117143825187165,0.317143825187165,0.792919141895874,0.0899370329169611,0.882856174812835,0.792919141895874,0.898129461648544,0.898129461648544,2.37875742568762,"CSTR"
75.5,0.117143825187095,0.317143825187095,0.792919141895937,0.0899370329169683,0.882856174812905,0.792919141895937,0.898129461648544,0.898129461648544,2.37875742568781,"CSTR"
76,0.117143825187036,0.317143825187036,0.79291914189599,0.0899370329169742,0.882856174812964,0.79291914189599,0.898129461648544,0.898129461648544,2.37875742568797,"CSTR"
76.5,0.117143825186987,0.317143825186987,0.792919141896034,0.0899370329169793,0.882856174813013,0.792919141896034,0.898129461648544,0.898129461648544,2.3787574256881,"CSTR"
77,0.117143825186945,0.317143825186945,0.792919141896071,0.0899370329169835,0.882856174813055,0.792919141896071,0.898129461648544,0.898129461648544,2.37875742568821,"CSTR"
77.5,0.11714382518691,0.31714382518691,0.792919141896103,0.0899370329169871,0.88285617481309,0.792919141896103,0.898129461648544,0.898129461648544,2.37875742568831,"CSTR"
78,0.117143825186881,0.317143825186881,0.792919141896129,0.0899370329169901,0.882856174813119,0.792919141896129,0.898129461648544,0.898129461648544,2.37875742568839,"CSTR"
78.5,0.117143825186856,0.317143825186856,0.792919141896152,0.0899370329169926,0.882856174813144,0.792919141896152,0.898129461648544,0.898129461648544,2.37875742568845,"CSTR"
79,0.117143825186835,0.317143825186835,0.79291914189617,0.0899370329169947,0.882856174813165,0.79291914189617,0.898129461648544,0.898129461648544,2.37875742568851,"CSTR"
79.5,0.117143825186818,0.317143825186818,0.792919141896186,0.0899370329169965,0.882856174813182,0.792919141896186,0.898129461648544,0.898129461648544,2.37875742568856,"CSTR"
80,0.117143825186803,0.317143825186803,0.792919141896199,0.089937032916998,0.882856174813197,0.792919141896199,0.898129461648544,0.898129461648544,2.3787574256886,"CSTR"
80.5,0.11714382518679,0.317143825186791,0.79291914189621,0.0899370329169993,0.88285617481321,0.79291914189621,0.898129461648544,0.898129461648544,2.37875742568863,"CSTR"
81,0.11714382518678,0.31714382518678,0.79291914189622,0.0899370329170004,0.88285617481322,0.79291914189622,0.898129461648544,0.898129461648544,2.37875742568866,"CSTR"
81.5,0.117143825186771,0.317143825186771,0.792919141896228,0.0899370329170013,0.882856174813229,0.792919141896228,0.898129461648544,0.898129461648544,2.37875742568868,"CSTR"
82,0.117143825186764,0.317143825186764,0.792919141896234,0.089937032917002,0.882856174813236,0.792919141896234,0.898129461648544,0.898129461648544,2.3787574256887,"CSTR"
82.5,0.117143825186758,0.317143825186758,0.79291914189624,0.0899370329170026,0.882856174813242,0.79291914189624,0.898129461648544,0.898129461648544,2.37875742568872,"CSTR"
83,0.117143825186752,0.317143825186752,0.792919141896245,0.0899370329170032,0.882856174813248,0.792919141896245,0.898129461648544,0.898129461648544,2.37875742568873,"CSTR"
83.5,0.117143825186748,0.317143825186748,0.792919141896248,0.0899370329170036,0.882856174813252,0.792919141896248,0.898129461648544,0.898129461648544,2.37875742568875,"CSTR"
84,0.117143825186744,0.317143825186744,0.792919141896252,0.089937032917004,0.882856174813256,0.792919141896252,0.898129461648544,0.898129461648544,2.37875742568876,"CSTR"
84.5,0.117143825186741,0.317143825186741,0.792919141896255,0.0899370329170043,0.882856174813259,0.792919141896255,0.898129461648544,0.898129461648544,2.37875742568876,"CSTR"
85,0.117143825186739,0.317143825186739,0.792919141896257,0.0899370329170046,0.882856174813262,0.792919141896257,0.898129461648544,0.898129461648544,2.37875742568877,"CSTR"
85.5,0.117143825186736,0.317143825186736,0.792919141896259,0.0899370329170048,0.882856174813264,0.792919141896259,0.898129461648544,0.898129461648544,2.37875742568878,"CSTR"
86,0.117143825186734,0.317143825186735,0.792919141896261,0.089937032917005,0.882856174813266,0.792919141896261,0.898129461648544,0.898129461648544,2.37875742568878,"CSTR"
86.5,0.117143825186733,0.317143825186733,0.792919141896262,0.0899370329170052,0.882856174813267,0.792919141896262,0.898129461648544,0.898129461648544,2.37875742568879,"CSTR"
87,0.117143825186732,0.317143825186732,0.792919141896263,0.0899370329170053,0.882856174813268,0.792919141896263,0.898129461648544,0.898129461648544,2.37875742568879,"CSTR"
87.5,0.11714382518673,0.317143825186731,0.792919141896264,0.0899370329170054,0.88285617481327,0.792919141896264,0.898129461648544,0.898129461648544,2.37875742568879,"CSTR"
88,0.11714382518673,0.31714382518673,0.792919141896265,0.0899370329170055,0.88285617481327,0.792919141896265,0.898129461648544,0.898129461648544,2.37875742568879,"CSTR"
88.5,0.117143825186729,0.317143825186729,0.792919141896266,0.0899370329170056,0.882856174813271,0.792919141896266,0.898129461648544,0.898129461648544,2.3787574256888,"CSTR"
89,0.117143825186728,0.317143825186728,0.792919141896266,0.0899370329170056,0.882856174813272,0.792919141896266,0.898129461648544,0.898129461648544,2.3787574256888,"CSTR"
89.5,0.117143825186728,0.317143825186728,0.792919141896267,0.0899370329170057,0.882856174813272,0.792919141896267,0.898129461648544,0.898129461648544,2.3787574256888,"CSTR"
90,0.117143825186727,0.317143825186727,0.792919141896267,0.0899370329170057,0.882856174813273,0.792919141896267,0.898129461648544,0.898129461648544,2.3787574256888,"CSTR"
90.5,0.117143825186727,0.317143825186727,0.792919141896267,0.0899370329170058,0.882856174813273,0.792919141896267,0.898129461648544,0.898129461648544,2.3787574256888,"CSTR"
91,0.117143825186726,0.317143825186727,0.792919141896268,0.0899370329170058,0.882856174813274,0.792919141896268,0.898129461648544,0.898129461648544,2.3787574256888,"CSTR"
91.5,0.117143825186726,0.317143825186726,0.792919141896268,0.0899370329170058,0.882856174813274,0.792919141896268,0.898129461648544,0.898129461648544,2.3787574256888,"CSTR"
92,0.117143825186726,0.317143825186726,0.792919141896268,0.0899370329170059,0.882856174813274,0.792919141896268,0.898129461648544,0.898129461648544,2.3787574256888,"CSTR"
92.5,0.117143825186726,0.317143825186726,0.792919141896269,0.0899370329170059,0.882856174813274,0.792919141896269,0.898129461648544,0.898129461648544,2.37875742568881,"CSTR"
93,0.117143825186726,0.317143825186726,0.792919141896269,0.0899370329170059,0.882856174813274,0.792919141896269,0.898129461648544,0.898129461648544,2.37875742568881,"CSTR"
93.5,0.117143825186725,0.317143825186726,0.792919141896269,0.0899370329170059,0.882856174813275,0.792919141896269,0.898129461648544,0.898129461648544,2.37875742568881,"CSTR"
94,0.117143825186725,0.317143825186725,0.792919141896269,0.0899370329170059,0.882856174813275,0.792919141896269,0.898129461648544,0.898129461648544,2.37875742568881,"CSTR"
94.5,0.117143825186725,0.317143825186725,0.792919141896269,0.089937032917006,0.882856174813275,0.792919141896269,0.898129461648544,0.898129461648544,2.37875742568881,"CSTR"
95,0.117143825186725,0.317143825186725,0.792919141896269,0.089937032917006,0.882856174813275,0.792919141896269,0.898129461648544,0.898129461648544,2.37875742568881,"CSTR"
95.5,0.117143825186725,0.317143825186725,0.792919141896269,0.089937032917006,0.882856174813275,0.792919141896269,0.898129461648544,0.898129461648544,2.37875742568881,"CSTR"
96,0.117143825186725,0.317143825186725,0.792919141896269,0.089937032917006,0.882856174813275,0.792919141896269,0.898129461648544,0.898129461648544,2.37875742568881,"CSTR"
96.5,0.117143825186725,0.317143825186725,0.792919141896269,0.089937032917006,0.882856174813275,0.792919141896269,0.898129461648544,0.898129461648544,2.37875742568881,"CSTR"
97,0.117143825186725,0.317143825186725,0.792919141896269,0.089937032917006,0.882856174813275,0.792919141896269,0.898129461648544,0.898129461648544,2.37875742568881,"CSTR"
97.5,0.117143825186725,0.317143825186725,0.792919141896269,0.089937032917006,0.882856174813275,0.792919141896269,0.898129461648544,0.898129461648544,2.37875742568881,"CSTR"
98,0.117143825186725,0.317143825186725,0.792919141896269,0.089937032917006,0.882856174813275,0.792919141896269,0.898129461648544,0.898129461648544,2.37875742568881,"CSTR"
98.5,0.117143825186725,0.317143825186725,0.792919141896269,0.089937032917006,0.882856174813275,0.792919141896269,0.898129461648544,0.898129461648544,2.37875742568881,"CSTR"
99,0.117143825186725,0.317143825186725,0.792919141896269,0.089937032917006,0.882856174813275,0.792919141896269,0.898129461648544,0.898129461648544,2.37875742568881,"CSTR"
99.5,0.117143825186725,0.317143825186725,0.792919141896269,0.089937032917006,0.882856174813275,0.792919141896269,0.898129461648544,0.898129461648544,2.37875742568881,"CSTR"
100,0.117143825186725,0.317143825186725,0.792919141896269,0.089937032917006,0.882856174813275,0.792919141896269,0.898129461648544,0.898129461648544,2.37875742568881,"CSTR"
100.5,0.117143825186725,0.317143825186725,0.792919141896269,0.089937032917006,0.882856174813275,0.792919141896269,0.898129461648544,0.898129461648544,2.37875742568881,"CSTR"
101,0.117143825186725,0.317143825186725,0.792919141896269,0.089937032917006,0.882856174813275,0.792919141896269,0.898129461648544,0.898129461648544,2.37875742568881,"CSTR"
101.5,0.117143825186725,0.317143825186725,0.792919141896269,0.089937032917006,0.882856174813275,0.792919141896269,0.898129461648544,0.898129461648544,2.37875742568881,"CSTR"
102,0.117143825186725,0.317143825186725,0.792919141896269,0.089937032917006,0.882856174813275,0.792919141896269,0.898129461648544,0.898129461648544,2.37875742568881,"CSTR"
102.5,0.117143825186725,0.317143825186725,0.792919141896269,0.089937032917006,0.882856174813275,0.792919141896269,0.898129461648544,0.898129461648544,2.37875742568881,"CSTR"
103,0.117143825186725,0.317143825186725,0.792919141896269,0.089937032917006,0.882856174813275,0.792919141896269,0.898129461648544,0.898129461648544,2.37875742568881,"CSTR"
103.5,0.117143825186725,0.317143825186725,0.792919141896269,0.089937032917006,0.882856174813275,0.792919141896269,0.898129461648544,0.898129461648544,2.37875742568881,"CSTR"
104,0.117143825186725,0.317143825186725,0.792919141896269,0.089937032917006,0.882856174813275,0.792919141896269,0.898129461648544,0.898129461648544,2.37875742568881,"CSTR"
104.5,0.117143825186725,0.317143825186725,0.792919141896269,0.089937032917006,0.882856174813275,0.792919141896269,0.898129461648544,0.898129461648544,2.37875742568881,"CSTR"
105,0.117143825186725,0.317143825186725,0.792919141896269,0.089937032917006,0.882856174813275,0.792919141896269,0.898129461648544,0.898129461648544,2.37875742568881,"CSTR"
105.5,0.117143825186725,0.317143825186725,0.792919141896269,0.089937032917006,0.882856174813275,0.792919141896269,0.898129461648544,0.898129461648544,2.37875742568881,"CSTR"
106,0.117143825186725,0.317143825186725,0.792919141896269,0.089937032917006,0.882856174813275,0.792919141896269,0.898129461648544,0.898129461648544,2.37875742568881,"CSTR"
106.5,0.117143825186725,0.317143825186725,0.792919141896269,0.089937032917006,0.882856174813275,0.792919141896269,0.898129461648544,0.898129461648544,2.37875742568881,"CSTR"
107,0.117143825186725,0.317143825186725,0.792919141896269,0.089937032917006,0.882856174813275,0.792919141896269,0.898129461648544,0.898129461648544,2.37875742568881,"CSTR"
107.5,0.117143825186725,0.317143825186725,0.792919141896269,0.089937032917006,0.882856174813275,0.792919141896269,0.898129461648544,0.898129461648544,2.37875742568881,"CSTR"
108,0.117143825186725,0.317143825186725,0.792919141896269,0.089937032917006,0.882856174813275,0.792919141896269,0.898129461648544,0.898129461648544,2.37875742568881,"CSTR"
108.5,0.117143825186725,0.317143825186725,0.792919141896269,0.089937032917006,0.882856174813275,0.792919141896269,0.898129461648544,0.898129461648544,2.37875742568881,"CSTR"
109,0.117143825186725,0.317143825186725,0.792919141896269,0.089937032917006,0.882856174813275,0.792919141896269,0.898129461648544,0.898129461648544,2.37875742568881,"CSTR"
109.5,0.117143825186725,0.317143825186725,0.792919141896269,0.089937032917006,0.882856174813275,0.792919141896269,0.898129461648544,0.898129461648544,2.37875742568881,"CSTR"
110,0.117143825186725,0.317143825186725,0.792919141896269,0.089937032917006,0.882856174813275,0.792919141896269,0.898129461648544,0.898129461648544,2.37875742568881,"CSTR"
110.5,0.117143825186725,0.317143825186725,0.792919141896269,0.089937032917006,0.882856174813275,0.792919141896269,0.898129461648544,0.898129461648544,2.37875742568881,"CSTR"
111,0.117143825186725,0.317143825186725,0.792919141896269,0.089937032917006,0.882856174813275,0.792919141896269,0.898129461648544,0.898129461648544,2.37875742568881,"CSTR"
111.5,0.117143825186725,0.317143825186725,0.792919141896269,0.089937032917006,0.882856174813275,0.792919141896269,0.898129461648544,0.898129461648544,2.37875742568881,"CSTR"
112,0.117143825186725,0.317143825186725,0.792919141896269,0.089937032917006,0.882856174813275,0.792919141896269,0.898129461648544,0.898129461648544,2.37875742568881,"CSTR"
112.5,0.117143825186725,0.317143825186725,0.792919141896269,0.089937032917006,0.882856174813275,0.792919141896269,0.898129461648544,0.898129461648544,2.37875742568881,"CSTR"
113,0.117143825186725,0.317143825186725,0.792919141896269,0.089937032917006,0.882856174813275,0.792919141896269,0.898129461648544,0.898129461648544,2.37875742568881,"CSTR"
113.5,0.117143825186725,0.317143825186725,0.792919141896269,0.089937032917006,0.882856174813275,0.792919141896269,0.898129461648544,0.898129461648544,2.37875742568881,"CSTR"
114,0.117143825186725,0.317143825186725,0.792919141896269,0.089937032917006,0.882856174813275,0.792919141896269,0.898129461648544,0.898129461648544,2.37875742568881,"CSTR"
114.5,0.117143825186725,0.317143825186725,0.792919141896269,0.089937032917006,0.882856174813275,0.792919141896269,0.898129461648544,0.898129461648544,2.37875742568881,"CSTR"
115,0.117143825186725,0.317143825186725,0.792919141896269,0.089937032917006,0.882856174813275,0.792919141896269,0.898129461648544,0.898129461648544,2.37875742568881,"CSTR"
115.5,0.117143825186725,0.317143825186725,0.792919141896269,0.089937032917006,0.882856174813275,0.792919141896269,0.898129461648544,0.898129461648544,2.37875742568881,"CSTR"
116,0.117143825186725,0.317143825186725,0.792919141896269,0.089937032917006,0.882856174813275,0.792919141896269,0.898129461648544,0.898129461648544,2.37875742568881,"CSTR"
116.5,0.117143825186725,0.317143825186725,0.792919141896269,0.089937032917006,0.882856174813275,0.792919141896269,0.898129461648544,0.898129461648544,2.37875742568881,"CSTR"
117,0.117143825186725,0.317143825186725,0.792919141896269,0.089937032917006,0.882856174813275,0.792919141896269,0.898129461648544,0.898129461648544,2.37875742568881,"CSTR"
117.5,0.117143825186725,0.317143825186725,0.792919141896269,0.089937032917006,0.882856174813275,0.792919141896269,0.898129461648544,0.898129461648544,2.37875742568881,"CSTR"
118,0.117143825186725,0.317143825186725,0.792919141896269,0.089937032917006,0.882856174813275,0.792919141896269,0.898129461648544,0.898129461648544,2.37875742568881,"CSTR"
118.5,0.117143825186725,0.317143825186725,0.792919141896269,0.089937032917006,0.882856174813275,0.792919141896269,0.898129461648544,0.898129461648544,2.37875742568881,"CSTR"
119,0.117143825186725,0.317143825186725,0.792919141896269,0.089937032917006,0.882856174813275,0.792919141896269,0.898129461648544,0.898129461648544,2.37875742568881,"CSTR"
119.5,0.117143825186725,0.317143825186725,0.792919141896269,0.089937032917006,0.882856174813275,0.792919141896269,0.898129461648544,0.898129461648544,2.37875742568881,"CSTR"
120,0.117143825186725,0.317143825186725,0.792919141896269,0.089937032917006,0.882856174813275,0.792919141896269,0.898129461648544,0.898129461648544,2.37875742568881,"CSTR"
120.5,0.117143825186725,0.317143825186725,0.792919141896269,0.089937032917006,0.882856174813275,0.792919141896269,0.898129461648544,0.898129461648544,2.37875742568881,"CSTR"
121,0.117143825186725,0.317143825186725,0.792919141896269,0.089937032917006,0.882856174813275,0.792919141896269,0.898129461648544,0.898129461648544,2.37875742568881,"CSTR"
121.5,0.117143825186725,0.317143825186725,0.792919141896269,0.089937032917006,0.882856174813275,0.792919141896269,0.898129461648544,0.898129461648544,2.37875742568881,"CSTR"
122,0.117143825186725,0.317143825186725,0.792919141896269,0.089937032917006,0.882856174813275,0.792919141896269,0.898129461648544,0.898129461648544,2.37875742568881,"CSTR"
122.5,0.117143825186725,0.317143825186725,0.792919141896269,0.089937032917006,0.882856174813275,0.792919141896269,0.898129461648544,0.898129461648544,2.37875742568881,"CSTR"
123,0.117143825186725,0.317143825186725,0.792919141896269,0.089937032917006,0.882856174813275,0.792919141896269,0.898129461648544,0.898129461648544,2.37875742568881,"CSTR"
123.5,0.117143825186725,0.317143825186725,0.792919141896269,0.089937032917006,0.882856174813275,0.792919141896269,0.898129461648544,0.898129461648544,2.37875742568881,"CSTR"
124,0.117143825186725,0.317143825186725,0.792919141896269,0.089937032917006,0.882856174813275,0.792919141896269,0.898129461648544,0.898129461648544,2.37875742568881,"CSTR"
124.5,0.117143825186725,0.317143825186725,0.792919141896269,0.089937032917006,0.882856174813275,0.792919141896269,0.898129461648544,0.898129461648544,2.37875742568881,"CSTR"
125,0.117143825186725,0.317143825186725,0.792919141896269,0.089937032917006,0.882856174813275,0.792919141896269,0.898129461648544,0.898129461648544,2.37875742568881,"CSTR"
125.5,0.117143825186725,0.317143825186725,0.792919141896269,0.089937032917006,0.882856174813275,0.792919141896269,0.898129461648544,0.898129461648544,2.37875742568881,"CSTR"
126,0.117143825186725,0.317143825186725,0.792919141896269,0.089937032917006,0.882856174813275,0.792919141896269,0.898129461648544,0.898129461648544,2.37875742568881,"CSTR"
126.5,0.117143825186725,0.317143825186725,0.792919141896269,0.089937032917006,0.882856174813275,0.792919141896269,0.898129461648544,0.898129461648544,2.37875742568881,"CSTR"
127,0.117143825186725,0.317143825186725,0.792919141896269,0.089937032917006,0.882856174813275,0.792919141896269,0.898129461648544,0.898129461648544,2.37875742568881,"CSTR"
127.5,0.117143825186725,0.317143825186725,0.792919141896269,0.089937032917006,0.882856174813275,0.792919141896269,0.898129461648544,0.898129461648544,2.37875742568881,"CSTR"
128,0.117143825186725,0.317143825186725,0.792919141896269,0.089937032917006,0.882856174813275,0.792919141896269,0.898129461648544,0.898129461648544,2.37875742568881,"CSTR"
128.5,0.117143825186725,0.317143825186725,0.792919141896269,0.089937032917006,0.882856174813275,0.792919141896269,0.898129461648544,0.898129461648544,2.37875742568881,"CSTR"
129,0.117143825186725,0.317143825186725,0.792919141896269,0.089937032917006,0.882856174813275,0.792919141896269,0.898129461648544,0.898129461648544,2.37875742568881,"CSTR"
129.5,0.117143825186725,0.317143825186725,0.792919141896269,0.089937032917006,0.882856174813275,0.792919141896269,0.898129461648544,0.898129461648544,2.37875742568881,"CSTR"
130,0.117143825186725,0.317143825186725,0.792919141896269,0.089937032917006,0.882856174813275,0.792919141896269,0.898129461648544,0.898129461648544,2.37875742568881,"CSTR"
130.5,0.117143825186725,0.317143825186725,0.792919141896269,0.089937032917006,0.882856174813275,0.792919141896269,0.898129461648544,0.898129461648544,2.37875742568881,"CSTR"
131,0.117143825186725,0.317143825186725,0.792919141896269,0.089937032917006,0.882856174813275,0.792919141896269,0.898129461648544,0.898129461648544,2.37875742568881,"CSTR"
131.5,0.117143825186725,0.317143825186725,0.792919141896269,0.089937032917006,0.882856174813275,0.792919141896269,0.898129461648544,0.898129461648544,2.37875742568881,"CSTR"
132,0.117143825186725,0.317143825186725,0.792919141896269,0.089937032917006,0.882856174813275,0.792919141896269,0.898129461648544,0.898129461648544,2.37875742568881,"CSTR"
132.5,0.117143825186725,0.317143825186725,0.792919141896269,0.089937032917006,0.882856174813275,0.792919141896269,0.898129461648544,0.898129461648544,2.37875742568881,"CSTR"
133,0.117143825186725,0.317143825186725,0.792919141896269,0.089937032917006,0.882856174813275,0.792919141896269,0.898129461648544,0.898129461648544,2.37875742568881,"CSTR"
133.5,0.117143825186725,0.317143825186725,0.792919141896269,0.089937032917006,0.882856174813275,0.792919141896269,0.898129461648544,0.898129461648544,2.37875742568881,"CSTR"
134,0.117143825186725,0.317143825186725,0.792919141896269,0.089937032917006,0.882856174813275,0.792919141896269,0.898129461648544,0.898129461648544,2.37875742568881,"CSTR"
134.5,0.117143825186725,0.317143825186725,0.792919141896269,0.089937032917006,0.882856174813275,0.792919141896269,0.898129461648544,0.898129461648544,2.37875742568881,"CSTR"
135,0.117143825186725,0.317143825186725,0.792919141896269,0.089937032917006,0.882856174813275,0.792919141896269,0.898129461648544,0.898129461648544,2.37875742568881,"CSTR"
135.5,0.117143825186725,0.317143825186725,0.792919141896269,0.089937032917006,0.882856174813275,0.792919141896269,0.898129461648544,0.898129461648544,2.37875742568881,"CSTR"
136,0.117143825186725,0.317143825186725,0.792919141896269,0.089937032917006,0.882856174813275,0.792919141896269,0.898129461648544,0.898129461648544,2.37875742568881,"CSTR"
136.5,0.117143825186725,0.317143825186725,0.792919141896269,0.089937032917006,0.882856174813275,0.792919141896269,0.898129461648544,0.898129461648544,2.37875742568881,"CSTR"
137,0.117143825186725,0.317143825186725,0.792919141896269,0.089937032917006,0.882856174813275,0.792919141896269,0.898129461648544,0.898129461648544,2.37875742568881,"CSTR"
137.5,0.117143825186725,0.317143825186725,0.792919141896269,0.089937032917006,0.882856174813275,0.792919141896269,0.898129461648544,0.898129461648544,2.37875742568881,"CSTR"
138,0.117143825186725,0.317143825186725,0.792919141896269,0.089937032917006,0.882856174813275,0.792919141896269,0.898129461648544,0.898129461648544,2.37875742568881,"CSTR"
138.5,0.117143825186725,0.317143825186725,0.792919141896269,0.089937032917006,0.882856174813275,0.792919141896269,0.898129461648544,0.898129461648544,2.37875742568881,"CSTR"
139,0.117143825186725,0.317143825186725,0.792919141896269,0.089937032917006,0.882856174813275,0.792919141896269,0.898129461648544,0.898129461648544,2.37875742568881,"CSTR"
139.5,0.117143825186725,0.317143825186725,0.792919141896269,0.089937032917006,0.882856174813275,0.792919141896269,0.898129461648544,0.898129461648544,2.37875742568881,"CSTR"
140,0.117143825186725,0.317143825186725,0.792919141896269,0.089937032917006,0.882856174813275,0.792919141896269,0.898129461648544,0.898129461648544,2.37875742568881,"CSTR"
140.5,0.117143825186725,0.317143825186725,0.792919141896269,0.089937032917006,0.882856174813275,0.792919141896269,0.898129461648544,0.898129461648544,2.37875742568881,"CSTR"
141,0.117143825186725,0.317143825186725,0.792919141896269,0.089937032917006,0.882856174813275,0.792919141896269,0.898129461648544,0.898129461648544,2.37875742568881,"CSTR"
141.5,0.117143825186725,0.317143825186725,0.792919141896269,0.089937032917006,0.882856174813275,0.792919141896269,0.898129461648544,0.898129461648544,2.37875742568881,"CSTR"
142,0.117143825186725,0.317143825186725,0.792919141896269,0.089937032917006,0.882856174813275,0.792919141896269,0.898129461648544,0.898129461648544,2.37875742568881,"CSTR"
142.5,0.117143825186725,0.317143825186725,0.792919141896269,0.089937032917006,0.882856174813275,0.792919141896269,0.898129461648544,0.898129461648544,2.37875742568881,"CSTR"
143,0.117143825186725,0.317143825186725,0.792919141896269,0.089937032917006,0.882856174813275,0.792919141896269,0.898129461648544,0.898129461648544,2.37875742568881,"CSTR"
143.5,0.117143825186725,0.317143825186725,0.792919141896269,0.089937032917006,0.882856174813275,0.792919141896269,0.898129461648544,0.898129461648544,2.37875742568881,"CSTR"
144,0.117143825186725,0.317143825186725,0.792919141896269,0.089937032917006,0.882856174813275,0.792919141896269,0.898129461648544,0.898129461648544,2.37875742568881,"CSTR"
144.5,0.117143825186725,0.317143825186725,0.792919141896269,0.089937032917006,0.882856174813275,0.792919141896269,0.898129461648544,0.898129461648544,2.37875742568881,"CSTR"
145,0.117143825186725,0.317143825186725,0.792919141896269,0.089937032917006,0.882856174813275,0.792919141896269,0.898129461648544,0.898129461648544,2.37875742568881,"CSTR"
145.5,0.117143825186725,0.317143825186725,0.792919141896269,0.089937032917006,0.882856174813275,0.792919141896269,0.898129461648544,0.898129461648544,2.37875742568881,"CSTR"
146,0.117143825186725,0.317143825186725,0.792919141896269,0.089937032917006,0.882856174813275,0.792919141896269,0.898129461648544,0.898129461648544,2.37875742568881,"CSTR"
146.5,0.117143825186725,0.317143825186725,0.792919141896269,0.089937032917006,0.882856174813275,0.792919141896269,0.898129461648544,0.898129461648544,2.37875742568881,"CSTR"
147,0.117143825186725,0.317143825186725,0.792919141896269,0.089937032917006,0.882856174813275,0.792919141896269,0.898129461648544,0.898129461648544,2.37875742568881,"CSTR"
147.5,0.117143825186725,0.317143825186725,0.792919141896269,0.089937032917006,0.882856174813275,0.792919141896269,0.898129461648544,0.898129461648544,2.37875742568881,"CSTR"
148,0.117143825186725,0.317143825186725,0.792919141896269,0.089937032917006,0.882856174813275,0.792919141896269,0.898129461648544,0.898129461648544,2.37875742568881,"CSTR"
148.5,0.117143825186725,0.317143825186725,0.792919141896269,0.089937032917006,0.882856174813275,0.792919141896269,0.898129461648544,0.898129461648544,2.37875742568881,"CSTR"
149,0.117143825186725,0.317143825186725,0.792919141896269,0.089937032917006,0.882856174813275,0.792919141896269,0.898129461648544,0.898129461648544,2.37875742568881,"CSTR"
149.5,0.117143825186725,0.317143825186725,0.792919141896269,0.089937032917006,0.882856174813275,0.792919141896269,0.898129461648544,0.898129461648544,2.37875742568881,"CSTR"
150,0.117143825186725,0.317143825186725,0.792919141896269,0.089937032917006,0.882856174813275,0.792919141896269,0.898129461648544,0.898129461648544,2.37875742568881,"CSTR"
